<scc>
	<redis>
		<!-- 最大连接数 -->
		<MaxActive value="200"/>
		<!-- 最大空闲连接数 -->
		<MaxIdle value="50"/>
		<!-- 初始化连接数 -->
		<MinIdle value="10"/>
		<!-- 最大等待时间 -->
		<MaxWait value="300"/>
		<!-- 对拿到的connection进行validateObject校验 -->
		<TestOnBorrow value="true"/>
		<!-- 在进行returnObject对返回的connection进行validateObject校验 -->
		<TestOnReturn value="true"/>
		<!-- 定时对线程池中空闲的链接进行validateObject校验 -->
		<TestWhileIdle value="true"/>
		<!-- 缓存时长单位秒 -->
		<keepAliveTime value="600"/>
		<!-- 是否启动缓存 -->
		<isCacheOn value="true"/>
		<shardses>
			<shards ip="172.16.60.102" port="6379" timeOut="1000"/>
			<!-- <shards ip="192.168.0.225" port="6379" timeOut="1000"/> -->
		</shardses>
	</redis>
</scc>