<?xml version="1.0" encoding="UTF-8"?>
<beans xmlns="http://www.springframework.org/schema/beans"
	xmlns:xsi="http://www.w3.org/2001/XMLSchema-instance" xmlns:p="http://www.springframework.org/schema/p"
	xmlns:context="http://www.springframework.org/schema/context"
	xmlns:mvc="http://www.springframework.org/schema/mvc"
	xsi:schemaLocation="
http://www.springframework.org/schema/beans http://www.springframework.org/schema/beans/spring-beans-4.0.xsd 
http://www.springframework.org/schema/context http://www.springframework.org/schema/context/spring-context-4.0.xsd
http://www.springframework.org/schema/mvc 
http://www.springframework.org/schema/mvc/spring-mvc-4.0.xsd"
	default-lazy-init="true">
	<!--使Spring支持自动检测组件，如注解的Controller -->
	<context:component-scan base-package="com.voole.cdcenter.controller" />
	<mvc:annotation-driven/>
	<bean id="viewResolver"
		class="org.springframework.web.servlet.view.InternalResourceViewResolver"
		p:prefix="/WEB-INF/jsp/" p:suffix=".jsp" />
	<bean id="mappingJacksonHttpMessageConverter"
		class="org.springframework.http.converter.json.MappingJacksonHttpMessageConverter">
		<property name="supportedMediaTypes">
			<list>
				<value>application/json;charset=UTF-8</value>
			</list>
		</property>
	</bean>
	<bean
		class="org.springframework.web.servlet.mvc.annotation.DefaultAnnotationHandlerMapping" />
	<bean
		class="org.springframework.web.servlet.mvc.annotation.AnnotationMethodHandlerAdapter">
		<property name="messageConverters">
			<list>
				<bean id="utf8StringHttpMessageConverter"
					class="com.voole.cdcenter.util.conver.UTF8StringHttpMessageConverter" />
					<ref bean="mappingJacksonHttpMessageConverter" />
			</list>
		</property>
	</bean>
	<!-- SpringMVC上传文件时，需要配置MultipartResolver处理器 -->
	<bean id="multipartResolver"
		class="org.springframework.web.multipart.commons.CommonsMultipartResolver">
		<property name="defaultEncoding" value="UTF-8" />
		<!-- 指定所上传文件的总大小不能超过200KB。注意maxUploadSize属性的限制不是针对单个文件，而是所有文件的容量之和 -->
		<property name="maxUploadSize" value="5000000" />
	</bean>
	<!-- SpringMVC在超出上传文件限制时，会抛出org.springframework.web.multipart.MaxUploadSizeExceededException -->
	<!-- 该异常是SpringMVC在检查上传的文件信息时抛出来的，而且此时还没有进入到Controller方法中 <bean id="exceptionResolver" 
		class="org.springframework.web.servlet.handler.SimpleMappingExceptionResolver"> 
		<property name="exceptionMappings"> <props> -->
	<!-- 遇到MaxUploadSizeExceededException异常时，自动跳转到/WEB-INF/jsp/error_fileupload.jsp页面 
		<prop key="org.springframework.web.multipart.MaxUploadSizeExceededException">error_fileupload</prop> 
		</props> </property> </bean> -->
	<!-- 启动 Spring MVC 的注解功能，完成请求和注解 POJO 的映射 -->
	<context:annotation-config />
</beans>